text,class_risk,class_group
Skip to content Home Features Message privately Stay connected Build community Express yourself WhatsApp for business Privacy Help Center Blog For Business Download Download Terms  Privacy Policy   WhatsApp LLC  Afrikaans Bahasa Indonesia Melayu   Dansk Deutsch Eesti English   Gaeilge Hrvatski Italiano Kiswahili   Magyar Nederlands Norsk  Ozbek Filipino Polski  Brasil  Portugal  Shqip   Suomi Svenska                                Afrikaans Bahasa Indonesia Melayu   dansk Deutsch eesti English   Gaeilge hrvatski italiano Kiswahili   magyar Nederlands norsk  ozbek Filipino polski  Brasil  Portugal  shqip   suomi svenska                               Features Message privately Endtoend encryption and privacy controls,0,10
Stay connected Message and call for free around the world,0,10
Build community Group conversations made simple,1,1
Express yourself Say it with stickers voice GIFs and more,0,0
WhatsApp business Reach your customers from anywhere,1,10
Privacy Help Center Blog For Business WhatsApp Web Download Effective Date July    archived versions  WhatsApp Privacy Policy Table of Contents Key Updates WhatsApp Legal Info Information We Collect Information Shared by You and by WhatsApp with Third Parties How We Work With Other Meta Companies How and Why We Process Your Information and Our Legal Basis For Processing How To Exercise Your Rights Retention of Your Information Deleting Your Information Managing Your Information Working With Authorities Advisors And Industry Partners Transferring information outside the EEA as part of Our Global Operations Updates to Our Privacy Policy Contact Us If you live in the UK  WhatsApp LLC provides the Services to you under this Terms of Service and Privacy Policy ,1,9
If you live outside the UK or European Region  WhatsApp LLC provides the Services to you under this Terms of Service and Privacy Policy ,0,6
Key Updates Weve updated our Privacy Policy to clarify how under the GDPR we rely on legitimate interests as our legal basis to use your information to improve WhatsApp such as to understand how users interact with features and to develop new features and to protect our users such as using user reports to identify and respond to abusive behaviour,0,9
As always your personal messages and calls remain endtoend encrypted,0,5
No one else not even WhatsApp can read or listen to them,0,8
Back to top WhatsApp Legal Info If you live in the European Region  WhatsApp Ireland Limited WhatsApp our we or us provides our Services to you under the Terms of Service and this Privacy Policy,0,10
Respect for your privacy is coded into our DNA ,1,0
Since we started WhatsApp weve aspired to build our Services with a set of strong privacy principles in mind,0,0
We are one of the Meta Companies ,0,0
Our Privacy Policy Privacy Policy explains our data practices including the information we process to provide our Services ,0,0
For example our Privacy Policy talks about what information we collect and how this affects you,1,0
It also explains the steps we take to protect your privacy like building our Services so delivered messages arent stored by us and giving you control over who you communicate with on our Services,1,0
This Privacy Policy applies to all of our Services unless specified otherwise,0,0
Please also read WhatsApps Terms of Service Terms which describe the terms under which you use and we provide our Services,0,0
Back to top Information We Collect The types of information we receive and collect depend on how you use our Services,0,1
We require certain of Your Account Information in accordance with our Terms to deliver our Services and without this we will not be able to provide our Services to you,0,1
For example you must provide your mobile phone number to create an account to use our Services,0,1
Our Services have optional features which if used by you require us to collect additional information to provide such features,0,1
You will be notified of such a collection as appropriate,0,7
If you choose not to provide the information needed to use a feature you will be unable to use the feature,0,1
For example you cannot share your Precise Location Information with your contacts if you do not enable location sharing on your device,0,1
Permissions can be managed through your devicebased settings on both Android and iOS devices,0,7
Information You Provide Your Account Information ,0,1
You must provide your mobile phone number and a profile name of your choice to create a WhatsApp account,0,1
If you dont provide us with this information you will not be able to create an account to use our Services,0,1
You can add other optional information to your account such as a profile picture and about information,0,7
User Content,0,4
Your Messages Media within Messages and Calls  We offer endtoend encryption for our Services,0,5
Endtoend encryption means that your calls messages media within messages including content like images audio video documents and files are encrypted to protect against third parties including WhatsApp from seeing that content,1,5
Learn more about endtoend encryption and how businesses communicate with you on WhatsApp ,1,5
Typically your messages are stored on your devices and not on our servers,0,5
We temporarily store your messages in encrypted form while they are being delivered,1,5
Once your messages are delivered they are deleted from our servers,0,7
If a message cannot be delivered we keep it in encrypted form on our servers for up to  days while we try to deliver it,0,5
If a message is still undelivered after  days we delete it,0,3
We cannot see the contents of undelivered messages stored on our servers as they are encrypted,0,5
When a user sends media within a message we store that media for up to  days in encrypted form on our servers to aid in more efficient delivery such as if recipients choose to forward the media,1,5
We cannot see the media as it is encrypted,0,5
Status Information ,0,1
You can choose to share your Status which is also endtoend encrypted,0,7
Precise Location Information ,1,1
We enable you to share your Precise Location Information from your device when you choose to use locationrelated features like when you decide to share your current location with or send live location to your contacts or view locations nearby,1,1
Precise Location Information that you share with your contacts in your chats is encrypted so WhatsApp cannot see it,0,5
You can control your Precise Location Information sharing in your inapp settings see more information for iPhone and Android  and your devicebased settings,0,7
You may also provide content that is not encrypted which means that we can see it,0,5
This includes your profile picture your about information and names and descriptions of your communities and groups,1,1
Your Connections ,1,1
You can use contact upload and provide us with the phone numbers in your device address book on a regular basis including those of users of our Services and your other contacts,0,7
If any of your contacts arent yet using our Services well manage this information in a way that is designed to ensure that those contacts cannot be identified by us,0,1
Learn more about contact upload and about the information we provide to people who do not use WhatsApp here ,1,1
We also collect information on users who contact you that arent in your device address book and any users youve blocked or who have blocked you,0,1
Your Community and Group Information ,1,1
You can create join or get added to communities groups and broadcast lists and such communities groups and lists get associated with your account,0,1
You give your groups and communities a name,1,0
You can provide a community or group profile picture or description,0,1
We also collect information about when communities and groups are created or updated,1,1
Customer Support Information And Other Communications ,1,1
When you contact us for customer support or otherwise communicate with us for example through optional surveys you may provide us with information related to your use of our Services including copies of your messages any other information you deem helpful in order for us to understand and resolve your query and how to contact you eg an email address,1,1
For example you may send us an email with information relating to app performance or other issues,0,1
We also collect information on how you use our customer support features eg the searches you make on our Help Center any feedback you give us on the customer support experience and your responses to surveys or questions on a range of topics including for example what you like or dont like about the Service or Meta Companies,1,1
Account Access Information ,0,1
When you sign up or login to our Service we verify your phone number by sending you a code via SMS or calling you,0,1
You can also add a PIN to enable twostep verification and an email address that can be used to reset that PIN,0,7
Depending on the circumstances we ask you for information to prove that you are the true owner of your WhatsApp account,0,7
Automatically Collected Information Usage Information ,0,1
We collect information about your usage of our Services,1,1
This includes collecting information about your activity including how you use our Services how you interact with others using our Services including when you search for and interact with a business and the time frequency and duration of your activities,1,1
This also includes information about the features you use like our messaging and integrated applications calling Status communities groups or business features whether you are online timestamps related to your use such as when you last used our Services your last seen and the times you send and receive calls and messages and when you last updated your about information,1,1
Log and Troubleshooting Information ,1,1
We collect information about how our Services are performing when you use them like service related diagnostic and performance information,1,1
This information includes log files timestamps diagnostic or crash data website performance logs and error messages or reports,1,1
Device And Connection Information ,1,1
We collect device and connectionspecific information when you install access or use our Services,1,1
This includes information such as hardware model operating system information battery level signal strength app version browser information mobile network connection information including whether you are using wifi or cellular data mobile operator or internet service provider ISP language and time zone IP address device operations information and identifiers including identifiers unique to Meta Company Products associated with the same device or account,1,1
General Location Information ,0,1
Even if you do not choose to use our precise locationrelated features see Information Shared by You and by WhatsApp with Third Parties  we use IP addresses and other information like phone number area codes to estimate your general location eg country,1,1
Cookies ,0,2
We collect information using cookies to operate and provide our webbased Services and website,0,2
Learn more about how we use cookies to provide you our Services,1,2
User Choices ,0,7
We collect information about your inapp settings privacy settings and records about when you accepted terms,1,1
Only you are in control of your privacy settings which can be used to change who can see your last seen profile photo about information Status updates read receipts or add you to groups,0,7
We also collect information about whether you have enabled push notifications and whether you wish to send disappearing messages,1,1
Authentication Information ,0,1
To verify and grant appropriate authorisations as you use the Services such as when you choose to use encrypted backups and create your unique password we create and store authentication codes which are a security measure to ensure only you are accessing your account,0,5
Authentication Information also includes your public encryption keys that our endtoend encryption protocol uses,1,1
Messages are encrypted before they reach our servers which means that we cannot see them,0,5
Information Third Parties Provide About You Information Others Provide About You ,1,4
We receive information about you from other users,1,1
For example when other users you know use our Services they may provide your phone number if they use contact upload just as you may provide theirs,1,1
We require each of these users to have lawful rights to collect use and share your information before providing any information to us,0,7
They may also send you messages send messages to groups to which you belong or call you,1,1
You should keep in mind that in general any user can capture screenshots of your chats or messages or make recordings of your calls with them and send them to WhatsApp or anyone else or post them on another platform,1,1
User Reports ,0,1
Just as you can report other users other users or third parties may also choose to report to us your interactions and your messages with them or others on our Services for example to report possible violations of our Terms or policies,1,4
When a report is submitted to us through the reporting tools we receive information from the reporter on both the reporting user and those reported,1,1
To find out more about the information we receive when a User Report is submitted to us and what happens when a User Report is submitted please see About blocking and reporting contacts ,0,1
Businesses On WhatsApp ,0,4
When businesses you interact with while using our Services provide us with information about their interactions with you we require each of these businesses to act in accordance with applicable law,1,1
When you message with a business on WhatsApp  keep in mind that the content you share may be visible to several people in that business,1,4
In addition some businesses might be working with thirdparty service providers which may include Meta to help manage their communications with their customers,1,4
For example a business may give such thirdparty service providers access to its communications to send store read manage or otherwise process them for the business,1,4
To understand how a business processes your information including how it might share your information with third parties or Meta you should review that businesss privacy policy or contact the business directly,1,4
ThirdParty Services ,0,4
WhatsApp receives information about bad actors and abuse from Meta Companies and app verification information from antiabuse services to promote safety security and integrity,1,1
For example when Meta becomes aware of a scam encouraging individuals to contact a phone number via WhatsApp they might share that phone number with WhatsApp so we can investigate the WhatsApp account,1,4
We also allow you to use our Services in connection with thirdparty services and Meta Company Products ,1,1
If you use our Services with such thirdparty services or Meta Company Products  we may receive information about you from them for example if you use the WhatsApp share button on a news service to share a news article with your WhatsApp contacts groups or broadcast lists on our Services,1,1
Please note that when you use thirdparty services or Meta Company Products  the terms and privacy policies of the company that offers those services will govern your use of those services and products,0,0
Back to top Information Shared by You and by WhatsApp with Third Parties You share your information as you use and communicate through our Services and we share your information to help us operate provide improve understand customise and support our Services,1,4
Send Your Information To Those With Whom You Choose To Communicate ,0,1
You share User Content when you communicate through our Services,1,4
You are in control of what you are sending when you send your information to the individual or business WhatsApp users you choose to communicate with,0,7
Please be mindful that once you have sent User Content to a WhatsApp user they can store or reshare it with others on and off our Services,0,4
Information Associated With Your Account ,1,1
As part of your WhatsApp messaging experience and based on your privacy settings those users who have your phone number can see Your Account Information phone number profile photo about information and can add you to groups and communities where this information is then potentially visible to others in the group or community,1,1
When you send a message to another user or to a group your chosen profile name will become visible to the recipients of the message including users who do not have you in their contact list,1,1
Users who have your phone number can also see your last seen information and your message receipts depending on your privacy settings,0,1
You can configure your privacy settings to manage group membership and certain information for example your last seen available to other users,0,7
Please see our Help Center for more information on how to change your privacy settings ,0,7
ThirdParty Services ,0,4
When you or other users you interact with use thirdparty services or other Meta Company Products that are linked through our Services the providers of those services or products may receive the information about you that you or others share with them,1,4
For example if you use a data backup service integrated with our Services like iCloud or Google Drive they will receive the information you share with them such as your WhatsApp messages and if you search the web from WhatsApp for a group profile picture the search engine provider will receive the search term you use,1,1
If you interact with a thirdparty service or other Meta Company Products through our Services such as when you use the inapp player to play content from a thirdparty platform like YouTube or Facebook information like your IP address and technical information showing that the request comes from a WhatsApp app may be provided to the provider of such service or products,1,4
Please note that when you use thirdparty services or other Meta Company Products  their own terms and privacy policies will govern your use of those services and products,0,0
ThirdParty Service Providers,1,4
We work with thirdparty service providers to help us provide our Services,0,4
When we share information with thirdparty service providers in this capacity we require them to use your information on our behalf in accordance with our instructions and terms,1,4
We work with the following different types of thirdparty service providers telecommunications technology providers to send you SMS messages or call you to verify your account,0,4
To be able to provide these services these providers receive Your Account Information phone number and Account Access Information verification codes to enable you to verify a new phone number or device connected to your account,0,4
The providers we currently use are located in Sweden the Netherlands the UK and the United States,1,4
a content safety technology service provider that helps us to maintain the safety and integrity of the Services by detecting and helping us to prioritise harmful material for our reviewers to assess,1,0
To provide these services this provider receives certain images from User Reports eg images Your Account Information eg profile picture and Your Community and Group Information eg community or group profile picture,1,4
The provider we currently use is located in the United States,1,6
a location data provider to enable you to share your location or a nearby place with other WhatsApp users,1,4
To be able to provide these services this provider receives Precise Location Information your current location and other locations you choose on the map,1,4
The provider we currently use is located in the United States,1,6
Please also see the How We Work With Other Meta Companies and Working with Authorities Advisors and Industry Partners sections for further information we share,0,4
Back to top How We Work With Other Meta Companies WhatsApp is one of the Meta Companies ,0,4
The Meta Companies provide technology products and services for both individuals and businesses,0,0
We work with other Meta Companies that act as our service providers and help us provide and improve our Services,1,4
When Meta Companies act as our service providers we require them to use your information on our behalf in accordance with our instructions and terms,1,4
We work with Meta Companies in the United States and Ireland that assist us with the operation of our Services,1,6
To receive these services we share Information We Collect ,0,4
We work with Meta Companies and other companies which are owned by Meta in the United States that provide data hosting and infrastructure services including the use of data centers together with related services and equipment which are used to operate the Services,1,6
We share the Information We Collect with these companies,0,4
We work with Meta Companies in the UK Israel and the United States that provide us with business analytics services so that we can learn for example how many unique users we have compared to other services offered by the Meta Companies ,1,4
We share Your Account Information phone number Device and Connection Information identifiers associated with the same device or account hardware model operating system information and app versions mobile country code and network code User Choices records about Terms acceptance and user settings Usage Information when you last used WhatsApp and the date you first registered your account time of activities and your Customer Support Information and Other Communications,1,1
We work with a Meta Company in the United States that provides services to help carry out two factor authentication and provide technical engineering support and troubleshooting in relation to our interaction with mobile phone networks,1,6
We share Your Account Information phone number and Account Access Information verification code in order to obtain this service,0,4
We work with other Meta Companies in the United States that provide us with operational administrative and customer support services to help us operate improve and develop the Services develop fix and customise the Services respond to usernonuser queries and provide support relating to the queries ensure accounts are kept safe and secure with contract administration project management planning and any related purposes and carry out surveys,1,4
the UK United States that provide us with product research and testing features of services to help us improve our Services and troubleshoot technical issues and ensure the Services operate smoothly,1,6
the UK Ireland Germany and United States that provide us with legal advice and legal support services to help us in litigation and other dispute processes regulatory investigations and other statutory processes with handling complaints andor requests from data subjects with responding to government and other legal requests with our legal administration with the management of privacyrelated queries including development of tooling and record repositories and with other legal support as requested from time to time,1,6
Ireland the United States and Singapore that provide us with assistance when we respond pursuant to applicable law or regulations to legal requests and government requests including in emergency situations with disclosing relevant personal information to law enforcement government authorities regulators or others and disclosing personal information to third parties in the context of civil legal proceedings,1,8
the United States and UK that provide administrative services to help us with our efforts to ensure that the Services are safe and secure by investigating any suspicious activities or violations of our policies and removing violating accounts,1,6
Ireland the United States and Singapore that provide us with services to help us to guard against violations of our intellectual property by reviewing accounts for violation of WhatsApp policies assisting with enforcement against those accounts providing periodic reports to us on individual accounts that have been reviewed and enforced upon and escalating any cases requiring legal review to us,1,6
For receiving the services listed above and depending on the service that is provided we share the Information We Collect ,0,4
If you would like further details about the Meta Companies that currently act as our service providers please click here ,0,4
Back to top How and Why We Process Your Information and Our Legal Basis For Processing Under applicable data protection law in the European Region such as the GDPR companies must have a legal basis to process information,0,1
We rely on different legal bases to process your information for the various purposes described in this Privacy Policy,1,1
For each legal basis below we describe the purposes of our processing why we process your information and our processing operations how we process your information to achieve each purpose,0,1
We also list the categories of your information that we process for each purpose,1,1
You also have particular rights available to you depending on which legal basis we use and weve explained these below,0,7
You should know that no matter what legal basis applies you always have the right to request access to rectification of and erasure of your information,1,7
To exercise your rights see the How To Exercise Your Rights section,0,7
Information that we process to convey your messages or calls which includes information like your phone number the time and date you make a call or send a message or the duration of your calls is subject to and handled in accordance with the specific rules and requirements under the EU Directive  where applicable,1,1
Back to top Processing necessary to perform our contract with you We process information as necessary to conclude and perform our contract with you our Terms ,1,1
The categories of information used and why and how they are processed is set out below Why And How We Process Your Information Information Categories Used To operate provide customise and support our Services as described in the About Our Services section of our Terms which includes providing ways for you to connect and communicate with other WhatsApp users including businesses WhatsApp Assists you in creating and managing your WhatsApp account by collecting and verifying your phone number by sending you a verification code via SMS or by calling you,1,1
checking the operating system and other features of your device to set up WhatsApp correctly on your device and running security checks to make sure you dont already have an account or a phone number that is banned from WhatsApp,0,1
recording your User Choices including the terms you accepted your privacy settings and the users youve blocked,1,1
facilitating you adding additional information such as the avatar you create or Account Information such as a profile picture about information which is displayed to people who have your phone number in line with your privacy settings,1,1
changing the phone number associated with your WhatsApp account when you update it,0,7
in order to maintain security limit data retention and protect your privacy checking for activity every  days and deleting your account where your phone has not been online for  days in general,0,5
Learn more in our Help Center here ,1,8
deleting your account at your request see how to delete your account on your iPhone and on your Android device or in accordance with our Terms,0,7
We may take steps to ban your account if there is a breach of our Terms for example a breach of our Acceptable Use of Our Services terms,0,3
enabling you to reregister your account when it has been deactivated or locked,0,7
Your Account Information Your Connections Account Access Information Usage Information Log and Troubleshooting Information Device and Connection Information General Location Information User Choices Authentication Information Facilitates you using and managing your WhatsApp account on multiple devices by linking a new device to your account so that you can use WhatsApp on additional devices and so that we can register certain additional devices on our servers,1,1
syncing Your Account Information and User Choices across your devices by sending an update to other devices linked to your account,1,7
sending an endtoend encrypted copy of your chat history to your new companion devices when you sync your chats we temporarily store this encrypted copy to complete the sync,1,7
For linking a device to your account Your Account Information Device and Connection Information Authentication Information Usage Information Log and Troubleshooting Information For syncing your Account Information and User Choices across your devices Your Account Information Log and Troubleshooting Information Device and Connection Information User Choices For syncing your chat history across your devices Your Account Information User Content your messages images audio and videos are endtoend encrypted Log and Troubleshooting Information Device and Connection Information Authentication Information To send and receive endtoend encrypted messages and broadcast your Status we enable you to reply to forward and delete messages or to send different types of messages such as voice messages View Once or disappearing messages,1,1
if the recipients device is online on WhatsApp deliver messages directly to their device,0,7
If your device or the recipients device is offline we store the encrypted message for up to  days as we attempt to deliver the message and send a push notification to the device,1,5
show when you are online or indicate activity to recipients in a chat such as displaying your last seen to recipients according to your User Choices,1,1
enable you to search the web for images to use as a community or group profile picture or to share videos from thirdparty services such as YouTube,1,1
Where that link is a video we display a preview and allow the recipient to view it within the chat,1,4
allow you to broadcast your Status updates with contacts of your choice,0,7
Status updates disappear after  hours,1,7
take precautions to ensure your messages are conveyed correctly,0,5
optimise the sending of media files by storing them temporarily for up to  days in encrypted form on our servers to aid in more efficient delivery,1,5
enable you and third parties like businesses to communicate and interact with each other using our services such as catalogs for businesses on WhatsApp where you can browse products and services and place orders,1,1
use cookies to operate and provide our webbased Services,0,2
To send and receive endtoend encrypted messages and to broadcast your Status Your Account Information User Content your messages images audio video documents and files are endtoend encrypted as is the Status you share Your Connections Your Community and Group Information Log and Troubleshooting Information Device and Connection Information Cookies User Choices Authentication Information For showing your presence in onetoone chats and last seen Your Connections Usage Information online or offline status User Choices For showing your activity indicators Your Connections Your Community and Group Information Usage Information whether you are typing or pausing typing or recording a voice note For sharing your Status User Content Status is endtoend encrypted Your Connections User Choices To generally operate and provide our Services we analyse log information to resolve crashes and user issues,1,1
collect information for troubleshooting diagnostics and debugging,1,1
collect and aggregate activity system events and metrics such as messaging volume and latencies to monitor service performance reliability and efficiency so we can ensure and optimise service quality,1,1
test out and experiment with new features to see if they work as expected To generally operate and provide our Services Your Account Information Your Community and Group Information Usage Information Log and Troubleshooting Information Device and Connection Information General Location Information To enable you to connect with businesses we enable you to search and browse for businesses on the Service,0,1
To enable you to connect with businesses Usage Information Log and Troubleshooting Information Device and Connection Information General Location Information Authentication Information For making receiving joining or leaving voice and video calls we establish an endtoend encrypted connection for audiovideo information between you and the other call participant or participants if you are in a group call after checking the participants privacy settings to see if they have blocked you,1,1
enable you to create and send call links,0,1
send you a push notification if you are receiving or have missed a call,0,10
notify participants in a group call when another user has been invited but has not accepted the call another user starts to ring another user joins the call a call participant has left and the call is over,1,7
When you change your inapp settings or take certain actions in a call we let the other call participants know the following whether your video is on or off,1,7
when you invite other users to switch from an audio to a video call or vice versa,1,7
when you have not heard from the other call participants,0,1
when you turn mute on or off,1,7
when your battery is below  and not charging,0,1
when you get an incoming call that interrupts your ongoing call on WhatsApp,1,7
To optimise call quality we swap to alternative networks interfaces where your existing connection is limited and collect aggregated call metrics for iOS only,1,1
track metrics such as failed calls number of calls ended due to disconnection and measure network link conditions to identify and resolve call quality issues,1,1
store performance information on your device after the call so it is easier to set up a call with the same users again,1,1
collect metrics about calls and aggregate them to optimise call quality,1,1
back up your data usage and time spent on a call,1,7
exchange network and other information during a call to adjust audio video and network quality,1,1
For making receiving joining or leaving voice and video calls Your Account Information User Content Your Connections Your Community and Group Information Log and Troubleshooting Information Device and Connection Information General Location Information User Choices Authentication Information For notifying call participants about changes during a call Device and Connection Information For optimising call quality Log and Troubleshooting Information Device and Connection Information To help you discover if your contacts are WhatsApp users when you choose to sync your devices address book using contact upload we regularly identify other WhatsApp users in your address book add them to your WhatsApp contact list and store cryptographic hash values of the phone numbers of your contacts who are not WhatsApp users  so we can quickly update your WhatsApp contacts if those contacts signup to WhatsApp at a later date,1,1
Learn more here ,1,1
remove contacts from your WhatsApp contact list if one of your contacts no longer has an account,0,7
at your request block phone numbers of other users to prevent them contacting you on WhatsApp,0,7
To enable you to use contact upload Your Account Information Your Connections Log and Troubleshooting Information User Choices To allow you to create join leave and connect in communities and groups to communicate with multiple contacts at the same time we check that phone numbers you are trying to add to a group are WhatsApp users and check to ensure that their admission to the group is in line with their privacy settings,1,1
check to ensure that the community or group name and optional community or group description meets WhatsApp requirements,0,1
store information about the community or group and its participant users including any pending or past participant users for example to ensure that the appropriate privileges are applied and assign the creator of the community or group as an admin so that they can control and personalise the communitys or groups information membership and settings,0,1
when a community or group is active log when you send invites to new community or group participants and for groups expire nonaccepted invitations within a set period,1,1
notify participants in the group of certain key changes to the community or group such as changes to the community or group name description or profile picture or when a message is deleted,1,7
After you exit a group  your phone number will appear in the past participants list of the group for up to  days from the time you exited the group,1,1
temporarily store information to protect you from being readded to groups you chose to leave and store the phone numbers of participants who are banned for example from groups to ensure that they cannot rejoin,1,1
This information is also used to help identify any suspicious users or abusive behaviour where there is a high turnover of participants,1,1
allow you to appoint other community admins to a community youve created or you are a community admin of and appoint a new group admin or community admin when the current admin or admins leave the group or community or delete their account,0,4
delete a group when its last member leaves,1,7
suspend or deactivate a community and add or disconnect groups within the community,0,7
For creating a group or community Your Account Information Your Connections Your Community and Group Information Log and Troubleshooting Information User Choices Authentication Information For administering active groups or communities Your Account Information Your Connections Your Community and Group Information Log and Troubleshooting Information User Choices Authentication Information Assists you to create backups of your chat history and media within the chat history when you request it by enabling you to upload a backup of your chat history to a thirdparty cloudbased service like Google Drive or iCloud,1,1
endtoend encrypt your chat history with a randomly generated encryption key or password you create,0,5
You can upload these encrypted backups of your chat history to a thirdparty cloudbased service like Google Drive or iCloud,0,5
using an encryption key or your password to retrieve an encryption key to decrypt your backedup chat history,0,5
For allowing you to create access and restore backups and encrypted backups Your Account Information Authentication Information authenticating an encryption key or password To ensure safety security and integrity of our Services,0,5
We use information we have and apply automated data processing techniques and in some instances conduct manual human review to verify accounts on an ongoing basis and check that user signups are genuine,0,1
log events and aggregated counts about community group and user actions on our Services like the number of groups joined and related sequences like patterns in registration and repetitive or identical User Reports to identify and investigate suspicious users threats to the security of our Services or where a fake WhatsApp app or an imitation of our Services is being used,1,1
investigate and address violations of our Terms,0,7
For example we may ban your account when we learn that you are engaged in infringing activities,0,3
detect prevent and combat harmful or unlawful behaviour which threatens the security of our users information or the Service such as to combat scraping by bad actors at scale or our efforts to detect and prevent spam,0,1
collect app verification information from antiabuse services to aid our efforts to eg prevent malicious actors from trying to take over your account,1,1
To ensure the safety security and integrity of our Services Your Account Information User Content if provided by a user Your Connections Your Community and Group Information Customer Support Information and Other Communications Account Access Information Usage Information Log and Troubleshooting Information Device and Connection Information General Location Information Cookies User Choices Authentication Information Information Others Provide About You User Reports Businesses on WhatsApp ThirdParty Services Transfer store or process your information outside the European Economic Area,1,1
As the WhatsApp service operates globally with users and businesses around the world we need to share information we collect globally both internally within the Meta Companies and where the data centers we rely on are located and externally with our ThirdParty Service Providers,1,6
We carry out necessary transfers outside the European Economic Area including to the United States and other countries to operate and provide our Services,1,6
We also allow you to share information and connect with your family and friends around the globe and allow us to fix analyse and improve our Services,1,6
For more information see Transferring information outside the EEA as part of Our Global Operations section below,1,6
To operate and provide our Services Your Account Information User Content Your Connections Your Community and Group Information Customer Support Information and Other Communications Account Access Information Usage Information Log and Troubleshooting Information Device and Connection Information General Location Information Cookies User Choices Authentication Information Information Others Provide About You User Reports Businesses on WhatsApp ThirdParty Services Communicate with you on Servicesrelated issues we identify relevant Servicerelated notifications for you send them to you on WhatsApp and keep a log when you have received the notification,1,1
For example when our Terms are updated well provide a notification about the update as appropriate,1,9
For sending you notifications or updates about our Services Your Account Information Log and Troubleshooting Information details of the notifications you have previously received Device and Connection Information General Location Information Provide customer support by processing requests for support and  or searches you make within the WhatsApp Help Center in the app or via the WhatsApp website,1,1
responding when you request our help such as assisting with your account login or verification process,1,1
For providing you with customer support Your Account Information Your Connections Your Community and Group Information Customer Support Information and Other Communications Account Access Information Usage Information Log and Troubleshooting Information Device and Connection Information General Location Information Cookies When we process information you provide to us as necessary to perform our contractual relationship with you under applicable data protection laws you have the right to port it,1,1
To exercise your rights visit the How To Exercise Your Rights section of this Privacy Policy,0,10
Back to top The other legal bases we rely on when processing your information and the circumstances in which we rely on them are set out below Your Consent We process information for the purposes described below when you have given us your consent to enable particular product features in your devicebased settings,1,1
The categories of information used and why and how its processed are set out below Why And How We Process Your Information Information Categories Used For collecting information through the devicebased settings which you have enabled for example sharing your devices Precise Location Information if you choose to use our locationrelated features,1,1
You can share your current location with or send your live location to your contacts or view a nearby place on your map,0,7
When your live location is being shared the live location control in your privacy settings shows which chats your live location is being shared in,1,4
Precise Location Information which you share in your chats is endtoend encrypted which means that it cannot be seen by WhatsApp,0,5
accessing your camera and  or photo gallery if you choose to share photos or media with your WhatsApp contacts,0,7
Photos and media that you share in your personal chats are endtoend encrypted,0,5
User Content When we process your information based on your consent you have the right to withdraw your consent at any time without affecting the lawfulness of processing based on such consent before the consent is withdrawn,1,7
To exercise your rights visit your devicebased settings your inapp settings like your live location control and the How To Exercise Your Rights section of this Privacy Policy,0,7
Back to top Compliance With A Legal Obligation We process information to comply with a legal obligation including for example to access preserve or disclose certain information if there is a valid legal request,0,1
Examples of Irish and EU laws that could give rise to a legal obligation requiring us to process information are set out below,1,1
New laws may be enacted or other obligations may become binding on our processing and we will update the list of laws from time to time,1,9
Why And How We Process Your Information Information Categories Used The actual information used depends on the specific legal obligation but could include any of the following For processing information when we comply with a legal obligation including for example to access preserve or disclose certain information if there is a valid legal request from a regulator law enforcement or others or to implement appropriate security measures,0,1
For example a search warrant or production order from Irish law enforcement to provide information in relation to an investigation such as your profile picture or IP address,1,1
Examples of Irish and EU laws enforceable in Ireland are laws that could give rise to an obligation requiring us to process information we hold about you are Civil and commercial matters  where we are in receipt of a court order to disclose information for the purposes of court proceedings such as under Regulation EU No  on jurisdiction and the recognition and enforcement of judgments in civil and commercial matters,1,6
Criminal matters  to comply with requests from Irish law enforcement to provide data in relation to an investigation such as under Section  of the Criminal Justice Miscellaneous Provisions Act  as amended by  of the Criminal Justice Act  or to take steps to report information to law enforcement where required,0,1
Consumer matters  to comply with our obligations under consumer law such as the Competition and Consumer Protection Act  such as where the Irish Competition and Consumer Protection Commission requests information,1,1
Corporate and taxation matters  to comply with our obligations under companies legislation and tax law such as the Companies Act  such as where the Irish Revenue requests information,1,1
Regulatory matters  to comply with our obligations to engage with regulators such as the Data Protection Commission under the General Data Protection Regulation and the Data Protection Act ,0,1
Information security  to implement appropriate technical and organisational security measures such as under the General Data Protection Regulation EU Directive  and the European Electronic Communications Code established under Directive EU ,0,5
See here for the current list of laws which are enforceable in Ireland that give rise to a legal obligation for WhatsApp which results in the processing of information,0,0
New laws may be enacted or other obligations may become binding on our processing of your information which may require us to process your information and we will update this list from time to time,1,9
Your Account Information User Content if provided by a user Account Access Information Your Connections Your Community and Group Information Customer Support Information and Other Communications Usage Information Log and Troubleshooting Information Device and Connection Information General Location Information User Reports User Choices Cookies Information Others Provide About You Businesses on WhatsApp ThirdParty Services Back to top Protection Of Your Vital Interests Or Those Of Another Person Why And How We Process Your Information Information Categories Used The actual information used depends on the factual circumstances but could include any of the following For protecting your vital interests or those of another person ,1,1
We apply automated processing techniques and conduct manual human review,0,1
We share information with law enforcement and others in circumstances where someones vital interests require protection such as in the case of emergencies,1,4
These vital interests include protection of your or someone elses life physical or mental health wellbeing or integrity or that of others,1,1
In protecting such vital interests we aim to combat harmful conduct and promote safety integrity and security,0,5
For example we investigate reports of harmful conduct and take appropriate action such as taking action on user accounts eg banning them or sharing information with relevant authorities where there is a risk of imminent harmful conduct such as an attack or where a persons safety is at risk,0,4
We also compare profile pictures community and group pictures and reported images against a database of known hashed child sexual abuse material CSAM and use a combination of automated processing techniques and human review to detect previously unknown CSAM in these images,1,1
If we detect apparent CSAM we report it to the National Center for Missing  Exploited Children learn more about how we work to help fight child exploitation here ,0,8
Your Account Information User Content if provided by a user Your Connections Your Community and Group Information Customer Support Information and Other Communications Usage Information Log and Troubleshooting Information Device and Connection Information General Location Information Cookies User Choices Information Others Provide About You User Reports Businesses on WhatsApp ThirdParty Services Back to top Legitimate Interests We rely on our legitimate interests or the legitimate interests of a thirdparty such as our users where they are not outweighed by your interests or fundamental rights and freedoms legitimate interests Why And How We Process Your Information Legitimate Interests Relied On Information Categories Used Business intelligence and analytics  we count users and events for reporting to identify how many users WhatsApp has and similar metrics so we can share these metrics with affiliates regulators and the public,1,1
This includes metrics like how many unique users WhatsApp has across the Meta Companies by establishing which of our users dont use other Meta apps,1,1
validate metrics and analyse the feedback you provide eg via surveys to understand how and how often our Services are used and how this compares to usage across the Meta Companies to gain insights inform business planning and forecasting,1,1
In our interest to measure the use of our Services and count the people who interact with the WhatsApp services in order to inform business decisions and to enable provision of accurate and reliable reporting,1,1
Business intelligence and analytics  Your Account Information Your Community and Group Information Customer Support Information and Other Communications Usage Information Log and Troubleshooting Information Device and Connection Information General Location Information User Choices We preserve and share information with others including law enforcement and to respond to legal requests ,1,1
This includes responding to legal requests where we are not compelled by applicable law but have a good faith belief it is required by law in the relevant jurisdiction or sharing information with law enforcement or industry partnerspeers such as other online platforms and technology companies to combat abusive or illegal behaviour,1,4
For example we preserve a snapshot of user information when requested by law enforcement where necessary for the purposes of an investigation,1,2
We may also report illegal or infringing content to law enforcement government or other authorities,0,4
It is in our interest and in the interest of WhatsApp users to prevent and address fraud unauthorised use of WhatsApp violations of our Terms and policies or other harmful or illegal activity,0,1
It is in our interest to protect ourselves including our rights personnel property or products our users or others including as part of investigations or regulatory inquiries or to prevent death or imminent bodily harm,0,5
The general public and industry partnerspeers such as other online platforms and technology companies have a legitimate interest in having abusive or illegal behaviour investigated and combated,0,4
The actual information used depends on the factual circumstances but could include any of the following Your Account Information Your Connections Your Community and Group Information Customer Support Information and Other Communications Log and Troubleshooting Information Device and Connection Information Usage Information General Location Information User Reports We preserve and share information when we seek legal advice or seek to protect ourselves in the context of litigation and other disputes ,1,1
This includes matters such as violations of our Terms and policies,1,1
It is in our interest and in the interest of WhatsApp users to respond to complaints prevent and address fraud unauthorised use of WhatsApp violations of our Terms and policies or other harmful or illegal activity,0,10
It is in our interest to seek legal advice and protect ourselves including our rights personnel property or products our users or others including as part of investigations or regulatory inquiries and litigation or other disputes,1,1
The actual information used depends on the factual circumstances but could include any of the following Your Account Information User Content if provided by a user Your Connections Your Community and Group Information Customer Support Information and Other Communications Usage Information Log and Troubleshooting Information Device and Connection Information Cookies User Choices Information Others Provide About You User Reports Businesses on WhatsApp ThirdParty Services To promote safety integrity and security outside of the performance of our contract with you,1,1
We use information we have and apply automated data processing techniques and in some instances conduct manual human review to log User Reports users feedback about other users aggregated events and actions to identify and understand the techniques being used by the bad actors that may interfere with the Services including your use of the Services,1,1
identify analyse and investigate patterns of suspicious harmful or fraudulent behaviour like scams or other potential violations of our policies and Terms,0,1
We may ban your account when we learn that you are engaged in infringing activities,0,7
check to ensure that User Reports are genuine and that community or group name description or profile picture comply with WhatsApps Terms and policies,0,1
invite you to take surveys or provide feedback and analyse your responses to resolve issues,0,10
in limited circumstances request a copy of your id documentation or other authentication information or ask that you take certain actions to verify you are the true owner of a specific WhatsApp account,0,7
It is in our interest and in the interest of WhatsApp users to secure WhatsApp systems users accounts and fight threats abuse or infringement activities and promote safety integrity and security on the Services,0,5
It is also in our interest to ensure our Services are used in accordance with the Terms,0,0
It is in our interest to ensure our Services are used in accordance with the Terms and policies,0,0
For ensuring the safety security and integrity of our Services Your Account Information Account Access Information Your Connections Your Community and Group Information Customer Support Information and Other Communications Usage Information Log and Troubleshooting Information Device and Connection Information User Reports To improve the WhatsApp Service by developing new features or updating existing features we generate and validate metrics to understand how and how often our Services are used and how this compares to usage across the Meta Companies in order to inform and improve product direction and development and forecast future adoption of the service or features,1,1
undertake experiments to evaluate the impact of new features,0,1
invite you to take surveys or provide feedback and analyse your responses to gain insights into users views for example about the Service and Meta Companies,1,1
It is in our interest and in the interest of WhatsApp users to evaluate the use of the services and adoption of new features to inform the development of future features and improve product direction and development,0,1
Your Account Information Your Community and Group Information Customer Support Information and Other Communications Usage Information Log and Troubleshooting Information Device and Connection Information General Location Information User Choices To improve the WhatsApp customer support service we track information about your interactions with our customer support team to understand if issues are being resolved in a timely manner and whether the information provided in our FAQs are helpful,1,1
run quality assurance checks on our interactions with our customers request and review information you provide in customer satisfaction feedback surveys,1,1
log search queries in our Help Center to build an index of common search queries to keep our Help Center up to date with relevant content,1,2
It is in our interest and in the interest of WhatsApp users to continuously improve and develop the customer support we provide,0,1
To improve the WhatsApp customer support service Your Account Information Customer Support Information and Other Communications Usage Information Log and Troubleshooting Information Device and Connection Information General Location Information Cookies User Reports You have the right to object to and seek restriction of this processing,1,1
To exercise your rights visit the How To Exercise Your Rights section of this Privacy Policy We still do not allow thirdparty banner ads on our Services,0,4
We have no intention to introduce them but if we ever do we will update this Privacy Policy,0,0
Back to top How To Exercise Your Rights Under applicable data protection law you have the right to access rectify port and erase your information as well as the right to restrict and object to certain processing of your information,0,7
This includes the right to object to our processing of your information for direct marketing and the right to object to our processing of your information where we are pursuing our legitimate interests or those of a thirdparty,1,7
We will consider several factors when assessing an objection including your reasonable expectations the benefits and risks to you us other users third parties and other available means to achieve the same purpose that may be less invasive and do not require disproportionate effort,0,7
Your objection will be upheld and we will cease processing your information unless the processing is based on compelling legitimate grounds or is needed for legal reasons,0,7
You have the right to object to and restrict our processing of your information,1,7
To submit an objection use this form and select How can I make an objection to the processing of my information,0,10
Learn more about submitting an objection and the way we use your information by going here ,1,7
If we use your information for direct marketing you can always object and opt out of future direct marketing messages using the unsubscribe link in such communications or by using our inapp block feature,1,7
You can access or port your information using our inapp Request Account Info feature available under Settings  Account ,0,7
You can access tools to rectify update and delete your information directly inapp as described in the Retention of Your Information section,0,7
When we process information you provide to us based on your consent you have the right to withdraw your consent at any time without affecting the lawfulness of processing based on consent before its withdrawal,1,7
To withdraw your consent visit your devicebased settings or inapp settings,0,7
You have the right to lodge a complaint with WhatsApps lead supervisory authority under the GDPR the Irish Data Protection Commission or any other competent data protection supervisory authority,0,7
Back to top Retention of Your Information We store information for as long as necessary for the purposes identified in this Privacy Policy including to provide our Services or for other legitimate purposes such as complying with legal obligations enforcing and preventing violations of our Terms to fight spam or protecting or defending our rights property and users,1,3
The storage periods are determined on a casebycase basis that depends on the following factors The nature of the information and why it is collected and processed ,0,3
The length of time we will keep your information will generally be determined by how long we need that information to provide you with our Services including any optional features you use and to provide customer support,1,3
For example As described above  we require certain of Your Account Information to deliver our Services,1,1
We need to keep it for the lifetime of your account so that we can maintain your account,0,3
We keep your User Choices for the lifetime of your account,1,3
We keep Authentication Information for the lifetime of your account,1,3
We only need to keep other information as long as necessary to provide optional features to you such as Your Connections as long as you use contact upload,0,3
We keep information collected using Cookies for  days,0,2
We generally keep customer support communications for  days after they have been dealt with or  days after we receive them whichever is sooner,1,3
We generally keep User Reports for  days,0,3
In certain cases we need to keep your information for longer for legal reasons as described under the Legal Reasons section below,1,3
Legal Reasons ,0,3
In certain cases we also keep your information for legal reasons including after your account has been deleted,1,3
We keep your information To respond to a legal request or to comply with applicable law when we have a legal obligation to retain information ,1,3
For example if we receive a valid legal request such as a preservation order or search warrant related to your account we preserve your information after you delete your account,1,3
To deal with and resolve requests and complaints ,0,1
For example we generally retain correspondence relating to data subject requests under GDPR for a year in case those requests are not resolved and this correspondence is required in order to handle any resulting complaints,1,3
In such cases the correspondence is then retained while those complaints are being resolved,1,3
For litigation or regulatory matters ,1,1
For example we preserve your information where it is reasonably necessary for reasons related to a legal claim or complaint such as where we are subject to a regulatory investigation or we need to defend ourselves in legal proceedings about a claim related to your information or respond to a regulator in relation to a complaint made by you or someone else,1,3
Issues relating to the safety security and integrity of our Services and to protect rights property and users ,0,1
For example we keep information where it is necessary to investigate misuse of our Services  such as spam and other bad experiences,0,3
If we disable an account for violating our Terms  we also preserve information about that user for safety security and integrity purposes,0,3
The actual information that we keep and how long we keep it for depends on the nature of the reason in question,0,3
Operational Retention Needs ,1,3
We need to store information in certain cases for operational needs,0,1
For example if a message cannot be delivered immediately we keep it in encrypted form on our servers for up to  days as we try to deliver it,1,5
We also store information where necessary for troubleshooting and debugging issues with the Services,0,1
We keep the information that we store for this purpose for up to  days provided longer storage is not necessary for investigating and resolving a specific issue or for legal reasons,0,3
Messaging ,0,1
We retain the information that we process to convey your messages or calls which includes information like your phone number the time and date you make a call or send a message or the duration of your calls in accordance with the specific rules and requirements under the EU Directive  where applicable as long as it is needed for transmitting the communication operating our Services ensuring the safety and security of our Services or to comply with legal obligations under applicable law,1,3
When we do not need the information for any of these purposes anymore we delete or anonymise it,0,3
Back to top Deleting Your Information What Happens To Your Information When Your Account Is Deleted,0,7
When you delete your WhatsApp account or when it is deleted as a result of inactivity see About inactive account deletion for information on inactive accounts we delete the information we have about you apart from the information listed below which we retain in limited circumstances,1,3
Deleted Information ,0,7
Your Account Information and any undelivered messages to you are deleted from our servers,0,7
You will be removed from all WhatsApp communities and groups,0,8
Note that for technical reasons it takes up to  days from the beginning of the deletion process to delete or deidentify your WhatsApp information,1,3
Copies of your information may also remain after the  days for a limited time in the backup storage that we use to recover lost information in the event of a disaster software error or other information loss event,1,3
Information We Retain After Your Account is Deleted,1,3
If we are analysing or investigating a security incident in order to maintain the security of our Services we need to retain Log and Troubleshooting Information associated with the incident that we are reviewing past the normal  day deletion period,0,3
Copies of certain log records remain in our database but are disassociated from personal identifiers which are used for example to measure performance reliability and efficiency and to operate and improve our Services,1,2
Your account initially was linked to these records by a randomly generated identifier,0,2
To disassociate this information when your account is deleted we delete the link between this identifier and your account as part of the account deletion process,1,3
Copies of your information may also be retained for legal reasons after you delete your account in the circumstances described,1,3
The information that may be retained and length of time we need to retain it will depend on the specific legal reason we need to retain it for,1,3
For more information on how long we store information see Retention of Your Information ,1,3
Back to top Managing Your Information If you would like to manage change limit or delete your information you can do that through the following tools Settings ,0,7
You can change your Settings to manage certain information available to other users,0,7
You can manage your contacts groups and broadcast lists or use our block feature to manage who you communicate with on our Services,0,7
Changing Your Mobile Phone Number Profile Name And Picture And About Information ,1,7
If you change your mobile phone number you must update it using our inapp change number feature and transfer your account to your new mobile phone number,0,7
You can also change your profile name profile picture and about information at any time,0,7
Deleting Your WhatsApp Account ,0,7
You can delete your WhatsApp account at any time using our inapp delete my account feature in your inapp settings,0,7
Once you initiate the deletion process for your account that account can no longer be used ie you cannot log in or reregister or access any content including message history as it will be deleted,0,3
See Deleting Your Information section for more detail on what happens to your information when you delete your account,0,7
Be mindful that if you only delete WhatsApp from your device without selecting the inapp delete my account option in your inapp settings the Information We Collect will be stored on our servers for a longer period,0,3
WhatsApp accounts are generally deleted after  days of inactivity,0,3
Users are not alerted when this occurs,0,5
See our Help Center article About inactive account deletion for more information,0,3
Please remember that when your account is deleted it does not affect your information related to the communities or groups you created such as community or group names or the information other users have relating to you such as their copy of the messages you sent them,0,3
Back to top Working With Authorities Advisors And Industry Partners We access and share your information described in the Information We Collect section including sharing with regulators law enforcement other government agencies industry partnerspeers such as other online platforms and technology companies our advisors such as external lawyers who act for us and others in accordance with the How and Why We Process Your Information and Our Legal Basis for Processing section if we have a goodfaith belief that it is necessary to respond pursuant to applicable law or regulations court orders legal process or government requests,1,4
For example sharing with regulators law enforcement or other government agencies in response to legal requests or sharing with civil litigants pursuant to court orders detect investigate prevent or address fraud and other illegal activity or security and technical issues,1,4
For example we access and share information with law enforcement other government agencies or industry partners such as other online platforms and technology companies to identify and prevent bad actors using our Services for illegal purposes or protect the rights property and safety of our users WhatsApp the Meta Companies or others including to prevent death or imminent bodily harm,1,4
For example sharing with law enforcement in emergency situations where we learn that a persons life is at risk,1,4
For more information on how we preserve your information for these purposes please see the Retention of Your Information section,0,3
The processing we carry out will depend on the circumstances,0,1
Further information on the different categories of information affected and the legal bases we rely on is set out in the How and Why We Process Your Information and Our Legal Basis for Processing section under the Processing necessary to perform our contract with you Compliance with a Legal Obligation Protection of Your Vital Interests or Those of Another Person and Legitimate Interests headings,1,1
Back to top Transferring information outside the EEA as part of Our Global Operations Why is information transferred to countries outside of the European Economic Area and where,1,6
WhatsApp shares information described in the Information We Collect section of this Privacy Policy globally both internally within the Meta Companies  and externally with third parties in accordance with this Privacy Policy and our Terms ,1,4
This includes places where the data centers we rely on are located and where our other internal Meta Companies and external ThirdParty Service Providers are located which includes the United States,1,6
These transfers are necessary and essential to enable us to provide the Services set forth in our Terms and globally to operate and provide our Services which allow you to communicate with users and businesses on WhatsApp around the world,1,6
How do we safeguard your information,0,5
When information controlled by WhatsApp is transferred or transmitted to or stored and processed in the United States or other third countries outside of the European Economic Area we rely on the following transfer mechanisms Adequacy Decisions  We rely on decisions from the European Commission where they recognise that certain countries and territories outside of the European Economic Area ensure an adequate level of protection for personal information,1,6
These decisions are referred to as adequacy decisions,0,7
We transfer Your Account Information Device and Connection Information Usage Information and User Choices see Information We Collect  from the European Economic Area to Israel in reliance on the European Commissions adequacy decision for Israel ,1,6
Standard Contractual Clauses  We utilise standard contractual clauses approved by the European Commission for transfers to the United States the UK and Singapore,0,6
For example WhatsApp uses Metas global infrastructure and data centers which are located around the world including in the United States to store the information described in the Information We Collect section of this Privacy Policy,1,6
For a copy of the standard contractual clauses please see our SCC Help Center article ,0,6
While transfers to countries that dont have an adequacy decision typically take place on the basis of the standard contractual clauses in certain circumstances transfers can also take place on the basis of exemptions provided for under data protection law,0,6
For example sharing with law enforcement in emergency situations where we learn that a persons life is at risk,1,4
If you have any questions about the standard contractual clauses you can contact us ,0,6
Back to top Updates to Our Privacy Policy We may amend or update our Privacy Policy,0,9
We will provide you notice of amendments to this Privacy Policy as appropriate and update the Effective Date at the top of this Privacy Policy,0,9
Please review our Privacy Policy from time to time,0,9
Back to top Contact Us The Data Protection Officer for WhatsApp can be contacted here ,0,10
If you have questions about our Privacy Policy please contact us or write us here WhatsApp Ireland Limited Attn Privacy Policy Merrion Road Dublin    Ireland Back to top Download Download What we do Features Blog Security For Business Who we are About us Careers Brand Center Privacy Use WhatsApp Android iPhone MacPC WhatsApp Web Need help,0,10
Contact Us Help Center Download Security Advisories Download   WhatsApp LLC Terms  Privacy Policy  Afrikaans Bahasa Indonesia Melayu   Dansk Deutsch Eesti English   Gaeilge Hrvatski Italiano Kiswahili   Magyar Nederlands Norsk  Ozbek Filipino Polski  Brasil  Portugal  Shqip   Suomi Svenska                                Afrikaans Bahasa Indonesia Melayu   dansk Deutsch eesti English   Gaeilge hrvatski italiano Kiswahili   magyar Nederlands norsk  ozbek Filipino polski  Brasil  Portugal  shqip   suomi svenska                               ,0,10
